split,speaker_id,file_id,gender,attack,label,role,kaggle_path,local_path
train,T_4434,T_0000007963,F,A01,spoof,train,flac_T/flac_T/T_0000007963.flac,audio/train/spoof/T_0000007963.flac
train,T_0622,T_0000023159,F,A01,spoof,train,flac_T/flac_T/T_0000023159.flac,audio/train/spoof/T_0000023159.flac
train,T_2455,T_0000062713,F,A01,spoof,train,flac_T/flac_T/T_0000062713.flac,audio/train/spoof/T_0000062713.flac
train,T_3714,T_0000076071,F,A01,spoof,train,flac_T/flac_T/T_0000076071.flac,audio/train/spoof/T_0000076071.flac
train,T_2984,T_0000099021,F,A01,spoof,train,flac_T/flac_T/T_0000099021.flac,audio/train/spoof/T_0000099021.flac
train,T_0141,T_0000128172,F,A01,spoof,train,flac_T/flac_T/T_0000128172.flac,audio/train/spoof/T_0000128172.flac
train,T_0764,T_0000009122,M,A01,spoof,train,flac_T/flac_T/T_0000009122.flac,audio/train/spoof/T_0000009122.flac
train,T_1345,T_0000010053,M,A01,spoof,train,flac_T/flac_T/T_0000010053.flac,audio/train/spoof/T_0000010053.flac
train,T_0712,T_0000098684,M,A01,spoof,train,flac_T/flac_T/T_0000098684.flac,audio/train/spoof/T_0000098684.flac
train,T_0332,T_0000107793,M,A01,spoof,train,flac_T/flac_T/T_0000107793.flac,audio/train/spoof/T_0000107793.flac
train,T_5033,T_0000137285,M,A01,spoof,train,flac_T/flac_T/T_0000137285.flac,audio/train/spoof/T_0000137285.flac
train,T_2955,T_0000148196,M,A01,spoof,train,flac_T/flac_T/T_0000148196.flac,audio/train/spoof/T_0000148196.flac
train,T_3198,T_0000025726,F,A02,spoof,train,flac_T/flac_T/T_0000025726.flac,audio/train/spoof/T_0000025726.flac
train,T_1308,T_0000055190,F,A02,spoof,train,flac_T/flac_T/T_0000055190.flac,audio/train/spoof/T_0000055190.flac
train,T_2263,T_0000072288,F,A02,spoof,train,flac_T/flac_T/T_0000072288.flac,audio/train/spoof/T_0000072288.flac
train,T_1752,T_0000077511,F,A02,spoof,train,flac_T/flac_T/T_0000077511.flac,audio/train/spoof/T_0000077511.flac
train,T_2864,T_0000113543,F,A02,spoof,train,flac_T/flac_T/T_0000113543.flac,audio/train/spoof/T_0000113543.flac
train,T_5432,T_0000125566,F,A02,spoof,train,flac_T/flac_T/T_0000125566.flac,audio/train/spoof/T_0000125566.flac
train,T_3236,T_0000071984,M,A02,spoof,train,flac_T/flac_T/T_0000071984.flac,audio/train/spoof/T_0000071984.flac
train,T_1492,T_0000103603,M,A02,spoof,train,flac_T/flac_T/T_0000103603.flac,audio/train/spoof/T_0000103603.flac
train,T_3603,T_0000113016,M,A02,spoof,train,flac_T/flac_T/T_0000113016.flac,audio/train/spoof/T_0000113016.flac
train,T_4447,T_0000113964,M,A02,spoof,train,flac_T/flac_T/T_0000113964.flac,audio/train/spoof/T_0000113964.flac
train,T_2429,T_0000125976,M,A02,spoof,train,flac_T/flac_T/T_0000125976.flac,audio/train/spoof/T_0000125976.flac
train,T_5361,T_0000155069,M,A02,spoof,train,flac_T/flac_T/T_0000155069.flac,audio/train/spoof/T_0000155069.flac
train,T_3189,T_0000000688,F,A03,spoof,train,flac_T/flac_T/T_0000000688.flac,audio/train/spoof/T_0000000688.flac
train,T_3455,T_0000085881,F,A03,spoof,train,flac_T/flac_T/T_0000085881.flac,audio/train/spoof/T_0000085881.flac
train,T_4816,T_0000103940,F,A03,spoof,train,flac_T/flac_T/T_0000103940.flac,audio/train/spoof/T_0000103940.flac
train,T_1202,T_0000105990,F,A03,spoof,train,flac_T/flac_T/T_0000105990.flac,audio/train/spoof/T_0000105990.flac
train,T_4203,T_0000119449,F,A03,spoof,train,flac_T/flac_T/T_0000119449.flac,audio/train/spoof/T_0000119449.flac
train,T_2416,T_0000179686,F,A03,spoof,train,flac_T/flac_T/T_0000179686.flac,audio/train/spoof/T_0000179686.flac
train,T_1936,T_0000085017,M,A03,spoof,train,flac_T/flac_T/T_0000085017.flac,audio/train/spoof/T_0000085017.flac
train,T_2169,T_0000086584,M,A03,spoof,train,flac_T/flac_T/T_0000086584.flac,audio/train/spoof/T_0000086584.flac
train,T_2990,T_0000091197,M,A03,spoof,train,flac_T/flac_T/T_0000091197.flac,audio/train/spoof/T_0000091197.flac
train,T_1147,T_0000121464,M,A03,spoof,train,flac_T/flac_T/T_0000121464.flac,audio/train/spoof/T_0000121464.flac
train,T_0313,T_0000135071,M,A03,spoof,train,flac_T/flac_T/T_0000135071.flac,audio/train/spoof/T_0000135071.flac
train,T_2087,T_0000139289,M,A03,spoof,train,flac_T/flac_T/T_0000139289.flac,audio/train/spoof/T_0000139289.flac
train,T_4231,T_0000023074,F,A04,spoof,train,flac_T/flac_T/T_0000023074.flac,audio/train/spoof/T_0000023074.flac
train,T_1759,T_0000061732,F,A04,spoof,train,flac_T/flac_T/T_0000061732.flac,audio/train/spoof/T_0000061732.flac
train,T_4467,T_0000106377,F,A04,spoof,train,flac_T/flac_T/T_0000106377.flac,audio/train/spoof/T_0000106377.flac
train,T_3307,T_0000113511,F,A04,spoof,train,flac_T/flac_T/T_0000113511.flac,audio/train/spoof/T_0000113511.flac
train,T_3903,T_0000145114,F,A04,spoof,train,flac_T/flac_T/T_0000145114.flac,audio/train/spoof/T_0000145114.flac
train,T_4126,T_0000156315,F,A04,spoof,train,flac_T/flac_T/T_0000156315.flac,audio/train/spoof/T_0000156315.flac
train,T_0975,T_0000015500,M,A04,spoof,train,flac_T/flac_T/T_0000015500.flac,audio/train/spoof/T_0000015500.flac
train,T_5119,T_0000018322,M,A04,spoof,train,flac_T/flac_T/T_0000018322.flac,audio/train/spoof/T_0000018322.flac
train,T_4474,T_0000029778,M,A04,spoof,train,flac_T/flac_T/T_0000029778.flac,audio/train/spoof/T_0000029778.flac
train,T_1711,T_0000116107,M,A04,spoof,train,flac_T/flac_T/T_0000116107.flac,audio/train/spoof/T_0000116107.flac
train,T_1723,T_0000117922,M,A04,spoof,train,flac_T/flac_T/T_0000117922.flac,audio/train/spoof/T_0000117922.flac
train,T_4537,T_0000168184,M,A04,spoof,train,flac_T/flac_T/T_0000168184.flac,audio/train/spoof/T_0000168184.flac
train,T_5352,T_0000044131,F,A05,spoof,train,flac_T/flac_T/T_0000044131.flac,audio/train/spoof/T_0000044131.flac
train,T_3996,T_0000077086,F,A05,spoof,train,flac_T/flac_T/T_0000077086.flac,audio/train/spoof/T_0000077086.flac
train,T_4192,T_0000079189,F,A05,spoof,train,flac_T/flac_T/T_0000079189.flac,audio/train/spoof/T_0000079189.flac
train,T_4022,T_0000098146,F,A05,spoof,train,flac_T/flac_T/T_0000098146.flac,audio/train/spoof/T_0000098146.flac
train,T_4286,T_0000126516,F,A05,spoof,train,flac_T/flac_T/T_0000126516.flac,audio/train/spoof/T_0000126516.flac
train,T_0218,T_0000132462,F,A05,spoof,train,flac_T/flac_T/T_0000132462.flac,audio/train/spoof/T_0000132462.flac
train,T_2386,T_0000013713,M,A05,spoof,train,flac_T/flac_T/T_0000013713.flac,audio/train/spoof/T_0000013713.flac
train,T_4700,T_0000028800,M,A05,spoof,train,flac_T/flac_T/T_0000028800.flac,audio/train/spoof/T_0000028800.flac
train,T_5207,T_0000034133,M,A05,spoof,train,flac_T/flac_T/T_0000034133.flac,audio/train/spoof/T_0000034133.flac
train,T_1613,T_0000037338,M,A05,spoof,train,flac_T/flac_T/T_0000037338.flac,audio/train/spoof/T_0000037338.flac
train,T_0331,T_0000061388,M,A05,spoof,train,flac_T/flac_T/T_0000061388.flac,audio/train/spoof/T_0000061388.flac
train,T_4264,T_0000157860,M,A05,spoof,train,flac_T/flac_T/T_0000157860.flac,audio/train/spoof/T_0000157860.flac
train,T_2472,T_0000019925,F,A06,spoof,train,flac_T/flac_T/T_0000019925.flac,audio/train/spoof/T_0000019925.flac
train,T_2413,T_0000044679,F,A06,spoof,train,flac_T/flac_T/T_0000044679.flac,audio/train/spoof/T_0000044679.flac
train,T_2896,T_0000110892,F,A06,spoof,train,flac_T/flac_T/T_0000110892.flac,audio/train/spoof/T_0000110892.flac
train,T_0213,T_0000135300,F,A06,spoof,train,flac_T/flac_T/T_0000135300.flac,audio/train/spoof/T_0000135300.flac
train,T_1032,T_0000156584,F,A06,spoof,train,flac_T/flac_T/T_0000156584.flac,audio/train/spoof/T_0000156584.flac
train,T_4618,T_0000182030,F,A06,spoof,train,flac_T/flac_T/T_0000182030.flac,audio/train/spoof/T_0000182030.flac
train,T_3091,T_0000039895,M,A06,spoof,train,flac_T/flac_T/T_0000039895.flac,audio/train/spoof/T_0000039895.flac
train,T_0934,T_0000087207,M,A06,spoof,train,flac_T/flac_T/T_0000087207.flac,audio/train/spoof/T_0000087207.flac
train,T_3850,T_0000111589,M,A06,spoof,train,flac_T/flac_T/T_0000111589.flac,audio/train/spoof/T_0000111589.flac
train,T_0329,T_0000138784,M,A06,spoof,train,flac_T/flac_T/T_0000138784.flac,audio/train/spoof/T_0000138784.flac
train,T_5023,T_0000139324,M,A06,spoof,train,flac_T/flac_T/T_0000139324.flac,audio/train/spoof/T_0000139324.flac
train,T_2195,T_0000162908,M,A06,spoof,train,flac_T/flac_T/T_0000162908.flac,audio/train/spoof/T_0000162908.flac
train,T_1100,T_0000000961,F,A07,spoof,train,flac_T/flac_T/T_0000000961.flac,audio/train/spoof/T_0000000961.flac
train,T_2397,T_0000018923,F,A07,spoof,train,flac_T/flac_T/T_0000018923.flac,audio/train/spoof/T_0000018923.flac
train,T_0796,T_0000071924,F,A07,spoof,train,flac_T/flac_T/T_0000071924.flac,audio/train/spoof/T_0000071924.flac
train,T_2890,T_0000072927,F,A07,spoof,train,flac_T/flac_T/T_0000072927.flac,audio/train/spoof/T_0000072927.flac
train,T_3912,T_0000115725,F,A07,spoof,train,flac_T/flac_T/T_0000115725.flac,audio/train/spoof/T_0000115725.flac
train,T_3392,T_0000125393,F,A07,spoof,train,flac_T/flac_T/T_0000125393.flac,audio/train/spoof/T_0000125393.flac
train,T_5251,T_0000015284,M,A07,spoof,train,flac_T/flac_T/T_0000015284.flac,audio/train/spoof/T_0000015284.flac
train,T_4519,T_0000033196,M,A07,spoof,train,flac_T/flac_T/T_0000033196.flac,audio/train/spoof/T_0000033196.flac
train,T_0676,T_0000123477,M,A07,spoof,train,flac_T/flac_T/T_0000123477.flac,audio/train/spoof/T_0000123477.flac
train,T_1441,T_0000142040,M,A07,spoof,train,flac_T/flac_T/T_0000142040.flac,audio/train/spoof/T_0000142040.flac
train,T_3280,T_0000146389,M,A07,spoof,train,flac_T/flac_T/T_0000146389.flac,audio/train/spoof/T_0000146389.flac
train,T_0730,T_0000158603,M,A07,spoof,train,flac_T/flac_T/T_0000158603.flac,audio/train/spoof/T_0000158603.flac
train,T_1428,T_0000015191,F,A08,spoof,train,flac_T/flac_T/T_0000015191.flac,audio/train/spoof/T_0000015191.flac
train,T_4731,T_0000022740,F,A08,spoof,train,flac_T/flac_T/T_0000022740.flac,audio/train/spoof/T_0000022740.flac
train,T_0101,T_0000026570,F,A08,spoof,train,flac_T/flac_T/T_0000026570.flac,audio/train/spoof/T_0000026570.flac
train,T_4493,T_0000108212,F,A08,spoof,train,flac_T/flac_T/T_0000108212.flac,audio/train/spoof/T_0000108212.flac
train,T_3853,T_0000112660,F,A08,spoof,train,flac_T/flac_T/T_0000112660.flac,audio/train/spoof/T_0000112660.flac
train,T_5389,T_0000123595,F,A08,spoof,train,flac_T/flac_T/T_0000123595.flac,audio/train/spoof/T_0000123595.flac
train,T_4769,T_0000070378,M,A08,spoof,train,flac_T/flac_T/T_0000070378.flac,audio/train/spoof/T_0000070378.flac
train,T_0650,T_0000101932,M,A08,spoof,train,flac_T/flac_T/T_0000101932.flac,audio/train/spoof/T_0000101932.flac
train,T_3288,T_0000108377,M,A08,spoof,train,flac_T/flac_T/T_0000108377.flac,audio/train/spoof/T_0000108377.flac
train,T_4684,T_0000115176,M,A08,spoof,train,flac_T/flac_T/T_0000115176.flac,audio/train/spoof/T_0000115176.flac
train,T_0571,T_0000141549,M,A08,spoof,train,flac_T/flac_T/T_0000141549.flac,audio/train/spoof/T_0000141549.flac
train,T_5164,T_0000157845,M,A08,spoof,train,flac_T/flac_T/T_0000157845.flac,audio/train/spoof/T_0000157845.flac
train,T_4701,T_0000002523,F,bonafide,bonafide,train,flac_T/flac_T/T_0000002523.flac,audio/train/bonafide/T_0000002523.flac
train,T_2905,T_0000007781,F,bonafide,bonafide,train,flac_T/flac_T/T_0000007781.flac,audio/train/bonafide/T_0000007781.flac
train,T_1766,T_0000008190,F,bonafide,bonafide,train,flac_T/flac_T/T_0000008190.flac,audio/train/bonafide/T_0000008190.flac
train,T_3027,T_0000015544,F,bonafide,bonafide,train,flac_T/flac_T/T_0000015544.flac,audio/train/bonafide/T_0000015544.flac
train,T_5401,T_0000017051,F,bonafide,bonafide,train,flac_T/flac_T/T_0000017051.flac,audio/train/bonafide/T_0000017051.flac
train,T_2563,T_0000029798,F,bonafide,bonafide,train,flac_T/flac_T/T_0000029798.flac,audio/train/bonafide/T_0000029798.flac
train,T_3181,T_0000033537,F,bonafide,bonafide,train,flac_T/flac_T/T_0000033537.flac,audio/train/bonafide/T_0000033537.flac
train,T_1598,T_0000034463,F,bonafide,bonafide,train,flac_T/flac_T/T_0000034463.flac,audio/train/bonafide/T_0000034463.flac
train,T_4459,T_0000040343,F,bonafide,bonafide,train,flac_T/flac_T/T_0000040343.flac,audio/train/bonafide/T_0000040343.flac
train,T_5453,T_0000045558,F,bonafide,bonafide,train,flac_T/flac_T/T_0000045558.flac,audio/train/bonafide/T_0000045558.flac
train,T_2845,T_0000049893,F,bonafide,bonafide,train,flac_T/flac_T/T_0000049893.flac,audio/train/bonafide/T_0000049893.flac
train,T_1645,T_0000051840,F,bonafide,bonafide,train,flac_T/flac_T/T_0000051840.flac,audio/train/bonafide/T_0000051840.flac
train,T_4587,T_0000053181,F,bonafide,bonafide,train,flac_T/flac_T/T_0000053181.flac,audio/train/bonafide/T_0000053181.flac
train,T_0696,T_0000053636,F,bonafide,bonafide,train,flac_T/flac_T/T_0000053636.flac,audio/train/bonafide/T_0000053636.flac
train,T_1074,T_0000054604,F,bonafide,bonafide,train,flac_T/flac_T/T_0000054604.flac,audio/train/bonafide/T_0000054604.flac
train,T_1812,T_0000055644,F,bonafide,bonafide,train,flac_T/flac_T/T_0000055644.flac,audio/train/bonafide/T_0000055644.flac
train,T_3587,T_0000055938,F,bonafide,bonafide,train,flac_T/flac_T/T_0000055938.flac,audio/train/bonafide/T_0000055938.flac
train,T_1779,T_0000059278,F,bonafide,bonafide,train,flac_T/flac_T/T_0000059278.flac,audio/train/bonafide/T_0000059278.flac
train,T_3106,T_0000059785,F,bonafide,bonafide,train,flac_T/flac_T/T_0000059785.flac,audio/train/bonafide/T_0000059785.flac
train,T_2260,T_0000060348,F,bonafide,bonafide,train,flac_T/flac_T/T_0000060348.flac,audio/train/bonafide/T_0000060348.flac
train,T_0282,T_0000066588,F,bonafide,bonafide,train,flac_T/flac_T/T_0000066588.flac,audio/train/bonafide/T_0000066588.flac
train,T_0349,T_0000077358,F,bonafide,bonafide,train,flac_T/flac_T/T_0000077358.flac,audio/train/bonafide/T_0000077358.flac
train,T_0877,T_0000082871,F,bonafide,bonafide,train,flac_T/flac_T/T_0000082871.flac,audio/train/bonafide/T_0000082871.flac
train,T_2780,T_0000096632,F,bonafide,bonafide,train,flac_T/flac_T/T_0000096632.flac,audio/train/bonafide/T_0000096632.flac
train,T_3863,T_0000096649,F,bonafide,bonafide,train,flac_T/flac_T/T_0000096649.flac,audio/train/bonafide/T_0000096649.flac
train,T_2320,T_0000106234,F,bonafide,bonafide,train,flac_T/flac_T/T_0000106234.flac,audio/train/bonafide/T_0000106234.flac
train,T_1860,T_0000108850,F,bonafide,bonafide,train,flac_T/flac_T/T_0000108850.flac,audio/train/bonafide/T_0000108850.flac
train,T_2827,T_0000116453,F,bonafide,bonafide,train,flac_T/flac_T/T_0000116453.flac,audio/train/bonafide/T_0000116453.flac
train,T_2710,T_0000117914,F,bonafide,bonafide,train,flac_T/flac_T/T_0000117914.flac,audio/train/bonafide/T_0000117914.flac
train,T_0052,T_0000122738,F,bonafide,bonafide,train,flac_T/flac_T/T_0000122738.flac,audio/train/bonafide/T_0000122738.flac
train,T_3567,T_0000125601,F,bonafide,bonafide,train,flac_T/flac_T/T_0000125601.flac,audio/train/bonafide/T_0000125601.flac
train,T_0854,T_0000126475,F,bonafide,bonafide,train,flac_T/flac_T/T_0000126475.flac,audio/train/bonafide/T_0000126475.flac
train,T_1947,T_0000129448,F,bonafide,bonafide,train,flac_T/flac_T/T_0000129448.flac,audio/train/bonafide/T_0000129448.flac
train,T_4850,T_0000129941,F,bonafide,bonafide,train,flac_T/flac_T/T_0000129941.flac,audio/train/bonafide/T_0000129941.flac
train,T_1365,T_0000137202,F,bonafide,bonafide,train,flac_T/flac_T/T_0000137202.flac,audio/train/bonafide/T_0000137202.flac
train,T_1007,T_0000141367,F,bonafide,bonafide,train,flac_T/flac_T/T_0000141367.flac,audio/train/bonafide/T_0000141367.flac
train,T_4486,T_0000147219,F,bonafide,bonafide,train,flac_T/flac_T/T_0000147219.flac,audio/train/bonafide/T_0000147219.flac
train,T_1726,T_0000148704,F,bonafide,bonafide,train,flac_T/flac_T/T_0000148704.flac,audio/train/bonafide/T_0000148704.flac
train,T_4300,T_0000151971,F,bonafide,bonafide,train,flac_T/flac_T/T_0000151971.flac,audio/train/bonafide/T_0000151971.flac
train,T_5437,T_0000153081,F,bonafide,bonafide,train,flac_T/flac_T/T_0000153081.flac,audio/train/bonafide/T_0000153081.flac
train,T_3753,T_0000153706,F,bonafide,bonafide,train,flac_T/flac_T/T_0000153706.flac,audio/train/bonafide/T_0000153706.flac
train,T_5331,T_0000155252,F,bonafide,bonafide,train,flac_T/flac_T/T_0000155252.flac,audio/train/bonafide/T_0000155252.flac
train,T_4018,T_0000156307,F,bonafide,bonafide,train,flac_T/flac_T/T_0000156307.flac,audio/train/bonafide/T_0000156307.flac
train,T_1592,T_0000163178,F,bonafide,bonafide,train,flac_T/flac_T/T_0000163178.flac,audio/train/bonafide/T_0000163178.flac
train,T_0897,T_0000163840,F,bonafide,bonafide,train,flac_T/flac_T/T_0000163840.flac,audio/train/bonafide/T_0000163840.flac
train,T_1255,T_0000168051,F,bonafide,bonafide,train,flac_T/flac_T/T_0000168051.flac,audio/train/bonafide/T_0000168051.flac
train,T_2879,T_0000171307,F,bonafide,bonafide,train,flac_T/flac_T/T_0000171307.flac,audio/train/bonafide/T_0000171307.flac
train,T_1644,T_0000181642,F,bonafide,bonafide,train,flac_T/flac_T/T_0000181642.flac,audio/train/bonafide/T_0000181642.flac
train,T_3819,T_0000001729,M,bonafide,bonafide,train,flac_T/flac_T/T_0000001729.flac,audio/train/bonafide/T_0000001729.flac
train,T_3910,T_0000005340,M,bonafide,bonafide,train,flac_T/flac_T/T_0000005340.flac,audio/train/bonafide/T_0000005340.flac
train,T_3526,T_0000007986,M,bonafide,bonafide,train,flac_T/flac_T/T_0000007986.flac,audio/train/bonafide/T_0000007986.flac
train,T_0287,T_0000011294,M,bonafide,bonafide,train,flac_T/flac_T/T_0000011294.flac,audio/train/bonafide/T_0000011294.flac
train,T_0519,T_0000012164,M,bonafide,bonafide,train,flac_T/flac_T/T_0000012164.flac,audio/train/bonafide/T_0000012164.flac
train,T_0938,T_0000014600,M,bonafide,bonafide,train,flac_T/flac_T/T_0000014600.flac,audio/train/bonafide/T_0000014600.flac
train,T_2468,T_0000018029,M,bonafide,bonafide,train,flac_T/flac_T/T_0000018029.flac,audio/train/bonafide/T_0000018029.flac
train,T_5003,T_0000018581,M,bonafide,bonafide,train,flac_T/flac_T/T_0000018581.flac,audio/train/bonafide/T_0000018581.flac
train,T_5184,T_0000020729,M,bonafide,bonafide,train,flac_T/flac_T/T_0000020729.flac,audio/train/bonafide/T_0000020729.flac
train,T_4166,T_0000025265,M,bonafide,bonafide,train,flac_T/flac_T/T_0000025265.flac,audio/train/bonafide/T_0000025265.flac
train,T_0993,T_0000026145,M,bonafide,bonafide,train,flac_T/flac_T/T_0000026145.flac,audio/train/bonafide/T_0000026145.flac
train,T_4175,T_0000028030,M,bonafide,bonafide,train,flac_T/flac_T/T_0000028030.flac,audio/train/bonafide/T_0000028030.flac
train,T_5439,T_0000028139,M,bonafide,bonafide,train,flac_T/flac_T/T_0000028139.flac,audio/train/bonafide/T_0000028139.flac
train,T_0664,T_0000029263,M,bonafide,bonafide,train,flac_T/flac_T/T_0000029263.flac,audio/train/bonafide/T_0000029263.flac
train,T_4059,T_0000030310,M,bonafide,bonafide,train,flac_T/flac_T/T_0000030310.flac,audio/train/bonafide/T_0000030310.flac
train,T_4279,T_0000032163,M,bonafide,bonafide,train,flac_T/flac_T/T_0000032163.flac,audio/train/bonafide/T_0000032163.flac
train,T_4362,T_0000033894,M,bonafide,bonafide,train,flac_T/flac_T/T_0000033894.flac,audio/train/bonafide/T_0000033894.flac
train,T_1433,T_0000044828,M,bonafide,bonafide,train,flac_T/flac_T/T_0000044828.flac,audio/train/bonafide/T_0000044828.flac
train,T_0497,T_0000049140,M,bonafide,bonafide,train,flac_T/flac_T/T_0000049140.flac,audio/train/bonafide/T_0000049140.flac
train,T_3002,T_0000057121,M,bonafide,bonafide,train,flac_T/flac_T/T_0000057121.flac,audio/train/bonafide/T_0000057121.flac
train,T_5246,T_0000065237,M,bonafide,bonafide,train,flac_T/flac_T/T_0000065237.flac,audio/train/bonafide/T_0000065237.flac
train,T_1872,T_0000067606,M,bonafide,bonafide,train,flac_T/flac_T/T_0000067606.flac,audio/train/bonafide/T_0000067606.flac
train,T_4913,T_0000067952,M,bonafide,bonafide,train,flac_T/flac_T/T_0000067952.flac,audio/train/bonafide/T_0000067952.flac
train,T_3688,T_0000071471,M,bonafide,bonafide,train,flac_T/flac_T/T_0000071471.flac,audio/train/bonafide/T_0000071471.flac
train,T_2314,T_0000071503,M,bonafide,bonafide,train,flac_T/flac_T/T_0000071503.flac,audio/train/bonafide/T_0000071503.flac
train,T_5051,T_0000079759,M,bonafide,bonafide,train,flac_T/flac_T/T_0000079759.flac,audio/train/bonafide/T_0000079759.flac
train,T_5438,T_0000082227,M,bonafide,bonafide,train,flac_T/flac_T/T_0000082227.flac,audio/train/bonafide/T_0000082227.flac
train,T_5104,T_0000083519,M,bonafide,bonafide,train,flac_T/flac_T/T_0000083519.flac,audio/train/bonafide/T_0000083519.flac
train,T_1304,T_0000083668,M,bonafide,bonafide,train,flac_T/flac_T/T_0000083668.flac,audio/train/bonafide/T_0000083668.flac
train,T_2348,T_0000085738,M,bonafide,bonafide,train,flac_T/flac_T/T_0000085738.flac,audio/train/bonafide/T_0000085738.flac
train,T_2540,T_0000086180,M,bonafide,bonafide,train,flac_T/flac_T/T_0000086180.flac,audio/train/bonafide/T_0000086180.flac
train,T_2278,T_0000095555,M,bonafide,bonafide,train,flac_T/flac_T/T_0000095555.flac,audio/train/bonafide/T_0000095555.flac
train,T_0925,T_0000096363,M,bonafide,bonafide,train,flac_T/flac_T/T_0000096363.flac,audio/train/bonafide/T_0000096363.flac
train,T_0636,T_0000098356,M,bonafide,bonafide,train,flac_T/flac_T/T_0000098356.flac,audio/train/bonafide/T_0000098356.flac
train,T_0866,T_0000114684,M,bonafide,bonafide,train,flac_T/flac_T/T_0000114684.flac,audio/train/bonafide/T_0000114684.flac
train,T_3543,T_0000116810,M,bonafide,bonafide,train,flac_T/flac_T/T_0000116810.flac,audio/train/bonafide/T_0000116810.flac
train,T_2351,T_0000119227,M,bonafide,bonafide,train,flac_T/flac_T/T_0000119227.flac,audio/train/bonafide/T_0000119227.flac
train,T_0881,T_0000121596,M,bonafide,bonafide,train,flac_T/flac_T/T_0000121596.flac,audio/train/bonafide/T_0000121596.flac
train,T_3624,T_0000125029,M,bonafide,bonafide,train,flac_T/flac_T/T_0000125029.flac,audio/train/bonafide/T_0000125029.flac
train,T_1864,T_0000133349,M,bonafide,bonafide,train,flac_T/flac_T/T_0000133349.flac,audio/train/bonafide/T_0000133349.flac
train,T_4075,T_0000152161,M,bonafide,bonafide,train,flac_T/flac_T/T_0000152161.flac,audio/train/bonafide/T_0000152161.flac
train,T_1717,T_0000156857,M,bonafide,bonafide,train,flac_T/flac_T/T_0000156857.flac,audio/train/bonafide/T_0000156857.flac
train,T_1915,T_0000161042,M,bonafide,bonafide,train,flac_T/flac_T/T_0000161042.flac,audio/train/bonafide/T_0000161042.flac
train,T_4598,T_0000161500,M,bonafide,bonafide,train,flac_T/flac_T/T_0000161500.flac,audio/train/bonafide/T_0000161500.flac
train,T_1902,T_0000163573,M,bonafide,bonafide,train,flac_T/flac_T/T_0000163573.flac,audio/train/bonafide/T_0000163573.flac
train,T_0554,T_0000168947,M,bonafide,bonafide,train,flac_T/flac_T/T_0000168947.flac,audio/train/bonafide/T_0000168947.flac
train,T_4011,T_0000177721,M,bonafide,bonafide,train,flac_T/flac_T/T_0000177721.flac,audio/train/bonafide/T_0000177721.flac
train,T_5099,T_0000179692,M,bonafide,bonafide,train,flac_T/flac_T/T_0000179692.flac,audio/train/bonafide/T_0000179692.flac
