split,speaker_id,file_id,gender,attack,label,kaggle_path,local_path
train,T_2984,T_0000099021,F,A01,spoof,flac_T/flac_T/T_0000099021.flac,audio/train/spoof/T_0000099021.flac
train,T_4434,T_0000007963,F,A01,spoof,flac_T/flac_T/T_0000007963.flac,audio/train/spoof/T_0000007963.flac
train,T_0141,T_0000128172,F,A01,spoof,flac_T/flac_T/T_0000128172.flac,audio/train/spoof/T_0000128172.flac
train,T_1345,T_0000010053,M,A01,spoof,flac_T/flac_T/T_0000010053.flac,audio/train/spoof/T_0000010053.flac
train,T_5033,T_0000137285,M,A01,spoof,flac_T/flac_T/T_0000137285.flac,audio/train/spoof/T_0000137285.flac
train,T_0332,T_0000107793,M,A01,spoof,flac_T/flac_T/T_0000107793.flac,audio/train/spoof/T_0000107793.flac
train,T_5432,T_0000125566,F,A02,spoof,flac_T/flac_T/T_0000125566.flac,audio/train/spoof/T_0000125566.flac
train,T_1308,T_0000055190,F,A02,spoof,flac_T/flac_T/T_0000055190.flac,audio/train/spoof/T_0000055190.flac
train,T_1752,T_0000077511,F,A02,spoof,flac_T/flac_T/T_0000077511.flac,audio/train/spoof/T_0000077511.flac
train,T_2429,T_0000125976,M,A02,spoof,flac_T/flac_T/T_0000125976.flac,audio/train/spoof/T_0000125976.flac
train,T_3236,T_0000071984,M,A02,spoof,flac_T/flac_T/T_0000071984.flac,audio/train/spoof/T_0000071984.flac
train,T_5361,T_0000155069,M,A02,spoof,flac_T/flac_T/T_0000155069.flac,audio/train/spoof/T_0000155069.flac
train,T_2416,T_0000179686,F,A03,spoof,flac_T/flac_T/T_0000179686.flac,audio/train/spoof/T_0000179686.flac
train,T_4203,T_0000119449,F,A03,spoof,flac_T/flac_T/T_0000119449.flac,audio/train/spoof/T_0000119449.flac
train,T_1202,T_0000105990,F,A03,spoof,flac_T/flac_T/T_0000105990.flac,audio/train/spoof/T_0000105990.flac
train,T_0313,T_0000135071,M,A03,spoof,flac_T/flac_T/T_0000135071.flac,audio/train/spoof/T_0000135071.flac
train,T_1936,T_0000085017,M,A03,spoof,flac_T/flac_T/T_0000085017.flac,audio/train/spoof/T_0000085017.flac
train,T_2087,T_0000139289,M,A03,spoof,flac_T/flac_T/T_0000139289.flac,audio/train/spoof/T_0000139289.flac
train,T_4231,T_0000023074,F,A04,spoof,flac_T/flac_T/T_0000023074.flac,audio/train/spoof/T_0000023074.flac
train,T_3307,T_0000113511,F,A04,spoof,flac_T/flac_T/T_0000113511.flac,audio/train/spoof/T_0000113511.flac
train,T_1759,T_0000061732,F,A04,spoof,flac_T/flac_T/T_0000061732.flac,audio/train/spoof/T_0000061732.flac
train,T_0975,T_0000015500,M,A04,spoof,flac_T/flac_T/T_0000015500.flac,audio/train/spoof/T_0000015500.flac
train,T_4474,T_0000029778,M,A04,spoof,flac_T/flac_T/T_0000029778.flac,audio/train/spoof/T_0000029778.flac
train,T_5119,T_0000018322,M,A04,spoof,flac_T/flac_T/T_0000018322.flac,audio/train/spoof/T_0000018322.flac
train,T_4022,T_0000098146,F,A05,spoof,flac_T/flac_T/T_0000098146.flac,audio/train/spoof/T_0000098146.flac
train,T_4192,T_0000079189,F,A05,spoof,flac_T/flac_T/T_0000079189.flac,audio/train/spoof/T_0000079189.flac
train,T_0218,T_0000132462,F,A05,spoof,flac_T/flac_T/T_0000132462.flac,audio/train/spoof/T_0000132462.flac
train,T_4700,T_0000028800,M,A05,spoof,flac_T/flac_T/T_0000028800.flac,audio/train/spoof/T_0000028800.flac
train,T_2386,T_0000013713,M,A05,spoof,flac_T/flac_T/T_0000013713.flac,audio/train/spoof/T_0000013713.flac
train,T_1613,T_0000037338,M,A05,spoof,flac_T/flac_T/T_0000037338.flac,audio/train/spoof/T_0000037338.flac
train,T_2413,T_0000044679,F,A06,spoof,flac_T/flac_T/T_0000044679.flac,audio/train/spoof/T_0000044679.flac
train,T_1032,T_0000156584,F,A06,spoof,flac_T/flac_T/T_0000156584.flac,audio/train/spoof/T_0000156584.flac
train,T_2896,T_0000110892,F,A06,spoof,flac_T/flac_T/T_0000110892.flac,audio/train/spoof/T_0000110892.flac
train,T_0934,T_0000087207,M,A06,spoof,flac_T/flac_T/T_0000087207.flac,audio/train/spoof/T_0000087207.flac
train,T_5023,T_0000139324,M,A06,spoof,flac_T/flac_T/T_0000139324.flac,audio/train/spoof/T_0000139324.flac
train,T_2195,T_0000162908,M,A06,spoof,flac_T/flac_T/T_0000162908.flac,audio/train/spoof/T_0000162908.flac
train,T_1100,T_0000000961,F,A07,spoof,flac_T/flac_T/T_0000000961.flac,audio/train/spoof/T_0000000961.flac
train,T_3392,T_0000125393,F,A07,spoof,flac_T/flac_T/T_0000125393.flac,audio/train/spoof/T_0000125393.flac
train,T_3912,T_0000115725,F,A07,spoof,flac_T/flac_T/T_0000115725.flac,audio/train/spoof/T_0000115725.flac
train,T_0676,T_0000123477,M,A07,spoof,flac_T/flac_T/T_0000123477.flac,audio/train/spoof/T_0000123477.flac
train,T_5251,T_0000015284,M,A07,spoof,flac_T/flac_T/T_0000015284.flac,audio/train/spoof/T_0000015284.flac
train,T_1441,T_0000142040,M,A07,spoof,flac_T/flac_T/T_0000142040.flac,audio/train/spoof/T_0000142040.flac
train,T_4493,T_0000108212,F,A08,spoof,flac_T/flac_T/T_0000108212.flac,audio/train/spoof/T_0000108212.flac
train,T_4731,T_0000022740,F,A08,spoof,flac_T/flac_T/T_0000022740.flac,audio/train/spoof/T_0000022740.flac
train,T_5389,T_0000123595,F,A08,spoof,flac_T/flac_T/T_0000123595.flac,audio/train/spoof/T_0000123595.flac
train,T_0571,T_0000141549,M,A08,spoof,flac_T/flac_T/T_0000141549.flac,audio/train/spoof/T_0000141549.flac
train,T_4769,T_0000070378,M,A08,spoof,flac_T/flac_T/T_0000070378.flac,audio/train/spoof/T_0000070378.flac
train,T_4684,T_0000115176,M,A08,spoof,flac_T/flac_T/T_0000115176.flac,audio/train/spoof/T_0000115176.flac
train,T_0696,T_0000053636,F,bonafide,bonafide,flac_T/flac_T/T_0000053636.flac,audio/train/bonafide/T_0000053636.flac
train,T_1812,T_0000055644,F,bonafide,bonafide,flac_T/flac_T/T_0000055644.flac,audio/train/bonafide/T_0000055644.flac
train,T_4018,T_0000156307,F,bonafide,bonafide,flac_T/flac_T/T_0000156307.flac,audio/train/bonafide/T_0000156307.flac
train,T_1007,T_0000141367,F,bonafide,bonafide,flac_T/flac_T/T_0000141367.flac,audio/train/bonafide/T_0000141367.flac
train,T_5401,T_0000017051,F,bonafide,bonafide,flac_T/flac_T/T_0000017051.flac,audio/train/bonafide/T_0000017051.flac
train,T_5331,T_0000155252,F,bonafide,bonafide,flac_T/flac_T/T_0000155252.flac,audio/train/bonafide/T_0000155252.flac
train,T_2827,T_0000116453,F,bonafide,bonafide,flac_T/flac_T/T_0000116453.flac,audio/train/bonafide/T_0000116453.flac
train,T_1947,T_0000129448,F,bonafide,bonafide,flac_T/flac_T/T_0000129448.flac,audio/train/bonafide/T_0000129448.flac
train,T_2563,T_0000029798,F,bonafide,bonafide,flac_T/flac_T/T_0000029798.flac,audio/train/bonafide/T_0000029798.flac
train,T_1644,T_0000181642,F,bonafide,bonafide,flac_T/flac_T/T_0000181642.flac,audio/train/bonafide/T_0000181642.flac
train,T_2905,T_0000007781,F,bonafide,bonafide,flac_T/flac_T/T_0000007781.flac,audio/train/bonafide/T_0000007781.flac
train,T_4486,T_0000147219,F,bonafide,bonafide,flac_T/flac_T/T_0000147219.flac,audio/train/bonafide/T_0000147219.flac
train,T_3027,T_0000015544,F,bonafide,bonafide,flac_T/flac_T/T_0000015544.flac,audio/train/bonafide/T_0000015544.flac
train,T_3106,T_0000059785,F,bonafide,bonafide,flac_T/flac_T/T_0000059785.flac,audio/train/bonafide/T_0000059785.flac
train,T_2710,T_0000117914,F,bonafide,bonafide,flac_T/flac_T/T_0000117914.flac,audio/train/bonafide/T_0000117914.flac
train,T_0854,T_0000126475,F,bonafide,bonafide,flac_T/flac_T/T_0000126475.flac,audio/train/bonafide/T_0000126475.flac
train,T_2320,T_0000106234,F,bonafide,bonafide,flac_T/flac_T/T_0000106234.flac,audio/train/bonafide/T_0000106234.flac
train,T_2879,T_0000171307,F,bonafide,bonafide,flac_T/flac_T/T_0000171307.flac,audio/train/bonafide/T_0000171307.flac
train,T_1766,T_0000008190,F,bonafide,bonafide,flac_T/flac_T/T_0000008190.flac,audio/train/bonafide/T_0000008190.flac
train,T_4300,T_0000151971,F,bonafide,bonafide,flac_T/flac_T/T_0000151971.flac,audio/train/bonafide/T_0000151971.flac
train,T_1645,T_0000051840,F,bonafide,bonafide,flac_T/flac_T/T_0000051840.flac,audio/train/bonafide/T_0000051840.flac
train,T_1592,T_0000163178,F,bonafide,bonafide,flac_T/flac_T/T_0000163178.flac,audio/train/bonafide/T_0000163178.flac
train,T_0897,T_0000163840,F,bonafide,bonafide,flac_T/flac_T/T_0000163840.flac,audio/train/bonafide/T_0000163840.flac
train,T_3181,T_0000033537,F,bonafide,bonafide,flac_T/flac_T/T_0000033537.flac,audio/train/bonafide/T_0000033537.flac
train,T_5051,T_0000079759,M,bonafide,bonafide,flac_T/flac_T/T_0000079759.flac,audio/train/bonafide/T_0000079759.flac
train,T_4362,T_0000033894,M,bonafide,bonafide,flac_T/flac_T/T_0000033894.flac,audio/train/bonafide/T_0000033894.flac
train,T_1433,T_0000044828,M,bonafide,bonafide,flac_T/flac_T/T_0000044828.flac,audio/train/bonafide/T_0000044828.flac
train,T_4913,T_0000067952,M,bonafide,bonafide,flac_T/flac_T/T_0000067952.flac,audio/train/bonafide/T_0000067952.flac
train,T_0554,T_0000168947,M,bonafide,bonafide,flac_T/flac_T/T_0000168947.flac,audio/train/bonafide/T_0000168947.flac
train,T_3526,T_0000007986,M,bonafide,bonafide,flac_T/flac_T/T_0000007986.flac,audio/train/bonafide/T_0000007986.flac
train,T_4011,T_0000177721,M,bonafide,bonafide,flac_T/flac_T/T_0000177721.flac,audio/train/bonafide/T_0000177721.flac
train,T_2348,T_0000085738,M,bonafide,bonafide,flac_T/flac_T/T_0000085738.flac,audio/train/bonafide/T_0000085738.flac
train,T_5099,T_0000179692,M,bonafide,bonafide,flac_T/flac_T/T_0000179692.flac,audio/train/bonafide/T_0000179692.flac
train,T_4175,T_0000028030,M,bonafide,bonafide,flac_T/flac_T/T_0000028030.flac,audio/train/bonafide/T_0000028030.flac
train,T_0636,T_0000098356,M,bonafide,bonafide,flac_T/flac_T/T_0000098356.flac,audio/train/bonafide/T_0000098356.flac
train,T_2351,T_0000119227,M,bonafide,bonafide,flac_T/flac_T/T_0000119227.flac,audio/train/bonafide/T_0000119227.flac
train,T_0881,T_0000121596,M,bonafide,bonafide,flac_T/flac_T/T_0000121596.flac,audio/train/bonafide/T_0000121596.flac
train,T_0287,T_0000011294,M,bonafide,bonafide,flac_T/flac_T/T_0000011294.flac,audio/train/bonafide/T_0000011294.flac
train,T_5104,T_0000083519,M,bonafide,bonafide,flac_T/flac_T/T_0000083519.flac,audio/train/bonafide/T_0000083519.flac
train,T_5438,T_0000082227,M,bonafide,bonafide,flac_T/flac_T/T_0000082227.flac,audio/train/bonafide/T_0000082227.flac
train,T_2314,T_0000071503,M,bonafide,bonafide,flac_T/flac_T/T_0000071503.flac,audio/train/bonafide/T_0000071503.flac
train,T_4279,T_0000032163,M,bonafide,bonafide,flac_T/flac_T/T_0000032163.flac,audio/train/bonafide/T_0000032163.flac
train,T_1304,T_0000083668,M,bonafide,bonafide,flac_T/flac_T/T_0000083668.flac,audio/train/bonafide/T_0000083668.flac
train,T_4166,T_0000025265,M,bonafide,bonafide,flac_T/flac_T/T_0000025265.flac,audio/train/bonafide/T_0000025265.flac
train,T_4059,T_0000030310,M,bonafide,bonafide,flac_T/flac_T/T_0000030310.flac,audio/train/bonafide/T_0000030310.flac
train,T_2278,T_0000095555,M,bonafide,bonafide,flac_T/flac_T/T_0000095555.flac,audio/train/bonafide/T_0000095555.flac
train,T_1864,T_0000133349,M,bonafide,bonafide,flac_T/flac_T/T_0000133349.flac,audio/train/bonafide/T_0000133349.flac
train,T_0938,T_0000014600,M,bonafide,bonafide,flac_T/flac_T/T_0000014600.flac,audio/train/bonafide/T_0000014600.flac
dev,D_1483,D_0001275730,F,A09,spoof,flac_D/flac_D/D_0001275730.flac,audio/dev/spoof/D_0001275730.flac
dev,D_2357,D_0001984774,F,A09,spoof,flac_D/flac_D/D_0001984774.flac,audio/dev/spoof/D_0001984774.flac
dev,D_0244,D_0000968626,F,A09,spoof,flac_D/flac_D/D_0000968626.flac,audio/dev/spoof/D_0000968626.flac
dev,D_4057,D_0001753690,M,A09,spoof,flac_D/flac_D/D_0001753690.flac,audio/dev/spoof/D_0001753690.flac
dev,D_5204,D_0000304186,M,A09,spoof,flac_D/flac_D/D_0000304186.flac,audio/dev/spoof/D_0000304186.flac
dev,D_5474,D_0000787795,M,A09,spoof,flac_D/flac_D/D_0000787795.flac,audio/dev/spoof/D_0000787795.flac
dev,D_0604,D_0001758457,F,A10,spoof,flac_D/flac_D/D_0001758457.flac,audio/dev/spoof/D_0001758457.flac
dev,D_2975,D_0001594888,F,A10,spoof,flac_D/flac_D/D_0001594888.flac,audio/dev/spoof/D_0001594888.flac
dev,D_5457,D_0000151999,F,A10,spoof,flac_D/flac_D/D_0000151999.flac,audio/dev/spoof/D_0000151999.flac
dev,D_4321,D_0000230497,M,A10,spoof,flac_D/flac_D/D_0000230497.flac,audio/dev/spoof/D_0000230497.flac
dev,D_2396,D_0002648164,M,A10,spoof,flac_D/flac_D/D_0002648164.flac,audio/dev/spoof/D_0002648164.flac
dev,D_5214,D_0000834877,M,A10,spoof,flac_D/flac_D/D_0000834877.flac,audio/dev/spoof/D_0000834877.flac
dev,D_0538,D_0000693379,F,A11,spoof,flac_D/flac_D/D_0000693379.flac,audio/dev/spoof/D_0000693379.flac
dev,D_0164,D_0002264347,F,A11,spoof,flac_D/flac_D/D_0002264347.flac,audio/dev/spoof/D_0002264347.flac
dev,D_0870,D_0002269912,F,A11,spoof,flac_D/flac_D/D_0002269912.flac,audio/dev/spoof/D_0002269912.flac
dev,D_4619,D_0000811819,M,A11,spoof,flac_D/flac_D/D_0000811819.flac,audio/dev/spoof/D_0000811819.flac
dev,D_1165,D_0002833489,M,A11,spoof,flac_D/flac_D/D_0002833489.flac,audio/dev/spoof/D_0002833489.flac
dev,D_5436,D_0002529325,M,A11,spoof,flac_D/flac_D/D_0002529325.flac,audio/dev/spoof/D_0002529325.flac
dev,D_1495,D_0000395095,F,A12,spoof,flac_D/flac_D/D_0000395095.flac,audio/dev/spoof/D_0000395095.flac
dev,D_3990,D_0001352275,F,A12,spoof,flac_D/flac_D/D_0001352275.flac,audio/dev/spoof/D_0001352275.flac
dev,D_4081,D_0000314035,F,A12,spoof,flac_D/flac_D/D_0000314035.flac,audio/dev/spoof/D_0000314035.flac
dev,D_0106,D_0000718831,M,A12,spoof,flac_D/flac_D/D_0000718831.flac,audio/dev/spoof/D_0000718831.flac
dev,D_1327,D_0001273840,M,A12,spoof,flac_D/flac_D/D_0001273840.flac,audio/dev/spoof/D_0001273840.flac
dev,D_3063,D_0000655138,M,A12,spoof,flac_D/flac_D/D_0000655138.flac,audio/dev/spoof/D_0000655138.flac
dev,D_4269,D_0000520402,F,A13,spoof,flac_D/flac_D/D_0000520402.flac,audio/dev/spoof/D_0000520402.flac
dev,D_0486,D_0001529179,F,A13,spoof,flac_D/flac_D/D_0001529179.flac,audio/dev/spoof/D_0001529179.flac
dev,D_0729,D_0001886998,F,A13,spoof,flac_D/flac_D/D_0001886998.flac,audio/dev/spoof/D_0001886998.flac
dev,D_0358,D_0002826706,M,A13,spoof,flac_D/flac_D/D_0002826706.flac,audio/dev/spoof/D_0002826706.flac
dev,D_3098,D_0000683131,M,A13,spoof,flac_D/flac_D/D_0000683131.flac,audio/dev/spoof/D_0000683131.flac
dev,D_4377,D_0002368612,M,A13,spoof,flac_D/flac_D/D_0002368612.flac,audio/dev/spoof/D_0002368612.flac
dev,D_3890,D_0001992691,F,A14,spoof,flac_D/flac_D/D_0001992691.flac,audio/dev/spoof/D_0001992691.flac
dev,D_0620,D_0001738339,F,A14,spoof,flac_D/flac_D/D_0001738339.flac,audio/dev/spoof/D_0001738339.flac
dev,D_4108,D_0001639324,F,A14,spoof,flac_D/flac_D/D_0001639324.flac,audio/dev/spoof/D_0001639324.flac
dev,D_0146,D_0002194606,M,A14,spoof,flac_D/flac_D/D_0002194606.flac,audio/dev/spoof/D_0002194606.flac
dev,D_1651,D_0002418151,M,A14,spoof,flac_D/flac_D/D_0002418151.flac,audio/dev/spoof/D_0002418151.flac
dev,D_4957,D_0002697220,M,A14,spoof,flac_D/flac_D/D_0002697220.flac,audio/dev/spoof/D_0002697220.flac
dev,D_4276,D_0001524979,F,A15,spoof,flac_D/flac_D/D_0001524979.flac,audio/dev/spoof/D_0001524979.flac
dev,D_3593,D_0002447215,F,A15,spoof,flac_D/flac_D/D_0002447215.flac,audio/dev/spoof/D_0002447215.flac
dev,D_5165,D_0000042568,F,A15,spoof,flac_D/flac_D/D_0000042568.flac,audio/dev/spoof/D_0000042568.flac
dev,D_3689,D_0000470674,M,A15,spoof,flac_D/flac_D/D_0000470674.flac,audio/dev/spoof/D_0000470674.flac
dev,D_2476,D_0002535814,M,A15,spoof,flac_D/flac_D/D_0002535814.flac,audio/dev/spoof/D_0002535814.flac
dev,D_0430,D_0000351730,M,A15,spoof,flac_D/flac_D/D_0000351730.flac,audio/dev/spoof/D_0000351730.flac
dev,D_4511,D_0000071779,F,A16,spoof,flac_D/flac_D/D_0000071779.flac,audio/dev/spoof/D_0000071779.flac
dev,D_3473,D_0001240660,F,A16,spoof,flac_D/flac_D/D_0001240660.flac,audio/dev/spoof/D_0001240660.flac
dev,D_0314,D_0002906044,F,A16,spoof,flac_D/flac_D/D_0002906044.flac,audio/dev/spoof/D_0002906044.flac
dev,D_0546,D_0000112078,M,A16,spoof,flac_D/flac_D/D_0000112078.flac,audio/dev/spoof/D_0000112078.flac
dev,D_2809,D_0002236459,M,A16,spoof,flac_D/flac_D/D_0002236459.flac,audio/dev/spoof/D_0002236459.flac
dev,D_0296,D_0000833197,M,A16,spoof,flac_D/flac_D/D_0000833197.flac,audio/dev/spoof/D_0000833197.flac
dev,D_2375,D_0001406266,F,bonafide,bonafide,flac_D/flac_D/D_0001406266.flac,audio/dev/bonafide/D_0001406266.flac
dev,D_3521,D_0002750392,F,bonafide,bonafide,flac_D/flac_D/D_0002750392.flac,audio/dev/bonafide/D_0002750392.flac
dev,D_2870,D_0000614650,F,bonafide,bonafide,flac_D/flac_D/D_0000614650.flac,audio/dev/bonafide/D_0000614650.flac
dev,D_3737,D_0002194543,F,bonafide,bonafide,flac_D/flac_D/D_0002194543.flac,audio/dev/bonafide/D_0002194543.flac
dev,D_5261,D_0000455050,F,bonafide,bonafide,flac_D/flac_D/D_0000455050.flac,audio/dev/bonafide/D_0000455050.flac
dev,D_0283,D_0002790796,F,bonafide,bonafide,flac_D/flac_D/D_0002790796.flac,audio/dev/bonafide/D_0002790796.flac
dev,D_3674,D_0001982947,F,bonafide,bonafide,flac_D/flac_D/D_0001982947.flac,audio/dev/bonafide/D_0001982947.flac
dev,D_3905,D_0000174784,F,bonafide,bonafide,flac_D/flac_D/D_0000174784.flac,audio/dev/bonafide/D_0000174784.flac
dev,D_0750,D_0000644281,F,bonafide,bonafide,flac_D/flac_D/D_0000644281.flac,audio/dev/bonafide/D_0000644281.flac
dev,D_3343,D_0002838025,F,bonafide,bonafide,flac_D/flac_D/D_0002838025.flac,audio/dev/bonafide/D_0002838025.flac
dev,D_3606,D_0000848317,F,bonafide,bonafide,flac_D/flac_D/D_0000848317.flac,audio/dev/bonafide/D_0000848317.flac
dev,D_5384,D_0000195658,F,bonafide,bonafide,flac_D/flac_D/D_0000195658.flac,audio/dev/bonafide/D_0000195658.flac
dev,D_0003,D_0000487852,F,bonafide,bonafide,flac_D/flac_D/D_0000487852.flac,audio/dev/bonafide/D_0000487852.flac
dev,D_4839,D_0000353452,F,bonafide,bonafide,flac_D/flac_D/D_0000353452.flac,audio/dev/bonafide/D_0000353452.flac
dev,D_4033,D_0001411537,F,bonafide,bonafide,flac_D/flac_D/D_0001411537.flac,audio/dev/bonafide/D_0001411537.flac
dev,D_2366,D_0002313823,F,bonafide,bonafide,flac_D/flac_D/D_0002313823.flac,audio/dev/bonafide/D_0002313823.flac
dev,D_2608,D_0001588630,F,bonafide,bonafide,flac_D/flac_D/D_0001588630.flac,audio/dev/bonafide/D_0001588630.flac
dev,D_1341,D_0002064910,F,bonafide,bonafide,flac_D/flac_D/D_0002064910.flac,audio/dev/bonafide/D_0002064910.flac
dev,D_3978,D_0001875931,F,bonafide,bonafide,flac_D/flac_D/D_0001875931.flac,audio/dev/bonafide/D_0001875931.flac
dev,D_5167,D_0002141581,F,bonafide,bonafide,flac_D/flac_D/D_0002141581.flac,audio/dev/bonafide/D_0002141581.flac
dev,D_0874,D_0001916944,F,bonafide,bonafide,flac_D/flac_D/D_0001916944.flac,audio/dev/bonafide/D_0001916944.flac
dev,D_5273,D_0000689011,F,bonafide,bonafide,flac_D/flac_D/D_0000689011.flac,audio/dev/bonafide/D_0000689011.flac
dev,D_4356,D_0001771645,F,bonafide,bonafide,flac_D/flac_D/D_0001771645.flac,audio/dev/bonafide/D_0001771645.flac
dev,D_4071,D_0002849176,F,bonafide,bonafide,flac_D/flac_D/D_0002849176.flac,audio/dev/bonafide/D_0002849176.flac
dev,D_1739,D_0002892814,M,bonafide,bonafide,flac_D/flac_D/D_0002892814.flac,audio/dev/bonafide/D_0002892814.flac
dev,D_0865,D_0001806757,M,bonafide,bonafide,flac_D/flac_D/D_0001806757.flac,audio/dev/bonafide/D_0001806757.flac
dev,D_3420,D_0002479093,M,bonafide,bonafide,flac_D/flac_D/D_0002479093.flac,audio/dev/bonafide/D_0002479093.flac
dev,D_3518,D_0000590836,M,bonafide,bonafide,flac_D/flac_D/D_0000590836.flac,audio/dev/bonafide/D_0000590836.flac
dev,D_1847,D_0001334950,M,bonafide,bonafide,flac_D/flac_D/D_0001334950.flac,audio/dev/bonafide/D_0001334950.flac
dev,D_3337,D_0002915347,M,bonafide,bonafide,flac_D/flac_D/D_0002915347.flac,audio/dev/bonafide/D_0002915347.flac
dev,D_2424,D_0002119783,M,bonafide,bonafide,flac_D/flac_D/D_0002119783.flac,audio/dev/bonafide/D_0002119783.flac
dev,D_4591,D_0001277515,M,bonafide,bonafide,flac_D/flac_D/D_0001277515.flac,audio/dev/bonafide/D_0001277515.flac
dev,D_2656,D_0002391355,M,bonafide,bonafide,flac_D/flac_D/D_0002391355.flac,audio/dev/bonafide/D_0002391355.flac
dev,D_4363,D_0002821162,M,bonafide,bonafide,flac_D/flac_D/D_0002821162.flac,audio/dev/bonafide/D_0002821162.flac
dev,D_4531,D_0000379828,M,bonafide,bonafide,flac_D/flac_D/D_0000379828.flac,audio/dev/bonafide/D_0000379828.flac
dev,D_0679,D_0001139335,M,bonafide,bonafide,flac_D/flac_D/D_0001139335.flac,audio/dev/bonafide/D_0001139335.flac
dev,D_3885,D_0000702703,M,bonafide,bonafide,flac_D/flac_D/D_0000702703.flac,audio/dev/bonafide/D_0000702703.flac
dev,D_5076,D_0000641761,M,bonafide,bonafide,flac_D/flac_D/D_0000641761.flac,audio/dev/bonafide/D_0000641761.flac
dev,D_4006,D_0001364371,M,bonafide,bonafide,flac_D/flac_D/D_0001364371.flac,audio/dev/bonafide/D_0001364371.flac
dev,D_3393,D_0000034147,M,bonafide,bonafide,flac_D/flac_D/D_0000034147.flac,audio/dev/bonafide/D_0000034147.flac
dev,D_2731,D_0001329448,M,bonafide,bonafide,flac_D/flac_D/D_0001329448.flac,audio/dev/bonafide/D_0001329448.flac
dev,D_0375,D_0001095466,M,bonafide,bonafide,flac_D/flac_D/D_0001095466.flac,audio/dev/bonafide/D_0001095466.flac
dev,D_2338,D_0002384089,M,bonafide,bonafide,flac_D/flac_D/D_0002384089.flac,audio/dev/bonafide/D_0002384089.flac
dev,D_0421,D_0002274763,M,bonafide,bonafide,flac_D/flac_D/D_0002274763.flac,audio/dev/bonafide/D_0002274763.flac
dev,D_3414,D_0002145109,M,bonafide,bonafide,flac_D/flac_D/D_0002145109.flac,audio/dev/bonafide/D_0002145109.flac
dev,D_0962,D_0001796845,M,bonafide,bonafide,flac_D/flac_D/D_0001796845.flac,audio/dev/bonafide/D_0001796845.flac
dev,D_2648,D_0002711836,M,bonafide,bonafide,flac_D/flac_D/D_0002711836.flac,audio/dev/bonafide/D_0002711836.flac
dev,D_5248,D_0002424976,M,bonafide,bonafide,flac_D/flac_D/D_0002424976.flac,audio/dev/bonafide/D_0002424976.flac
